WPM,Keystroke Latency,Risk Level
84.96714153011233,73.22838288487888,Low
78.61735698828815,89.7511973341775,Low
86.47688538100692,78.52942618497862,Low
95.23029856408026,71.74502803207488,Low
77.65846625276664,76.78614158347007,Low
77.6586304305082,84.12931454275625,Low
95.79212815507391,74.36275447196026,Low
87.67434729152909,71.77779604433569,Low
75.30525614065049,82.43687211491913,Low
85.42560043585965,82.44966571108722,Low
75.36582307187538,74.9305682462887,Low
75.34270246429743,75.28961694381677,Low
82.41962271566034,82.32049937357637,Low
60.86719755342202,65.51915658502676,Low
62.75082167486967,65.92536225623445,Low
74.37712470759027,72.81555778747564,Low
69.87168879665576,77.86552848288153,Low
83.14247332595274,83.10907565598005,Low
70.91975924478788,94.75356216949552,Low
65.87696298664709,88.5765962320202,Low
94.65648768921554,78.40061470036574,Low
77.74223699513465,79.80983792097311,Low
80.67528204687923,69.97470635362191,Low
65.75251813786544,79.8148686400761,Low
74.55617275474818,77.11341361079862,Low
81.10922589709867,83.22718560338089,Low
68.49006422577698,71.72769056447677,Low
83.75698018345672,85.19346514241172,Low
73.99361310081196,95.32738913002578,Low
77.08306250206724,78.91239851543142,Low
73.98293387770603,84.01711722098942,Low
98.52278184508938,86.90143991711112,Low
79.86502775262066,75.98779528114164,Low
69.422890710441,82.24092481810416,Low
88.22544912103189,80.12592400781794,Low
67.79156350028978,80.97676098548831,Low
82.08863595004756,72.26990216144533,Low
60.403298761202244,80.24510174258943,Low
66.71813951101569,84.9799829124545,Low
81.96861235869123,94.51143607795042,Low
87.3846657999541,89.59270826085206,Low
81.7136828118997,101.53182457511556,Low
78.8435171761176,72.3265243711195,Low
76.98896304410711,88.72320636720679,Low
65.21478009632573,81.83342005738352,Low
72.80155791605291,101.89802933217672,Low
75.39361229040213,71.91701714644849,Low
90.57122226218915,71.60278157819224,Low
83.43618289568461,74.00607354555977,Low
62.36959844637266,58.76104275690193,Low
83.24083969394795,74.74244978319238,Low
76.14917719583684,72.40867338446301,Low
73.23077999694041,81.50393786476208,Low
86.11676288840867,83.4175597577716,Low
90.30999522495951,98.76170839215887,Low
89.31280119116198,89.5042383818605,Low
71.60782476777362,74.23096344337597,Low
76.90787624148786,71.01585328651642,Low
83.31263431403563,84.91919171506505,Low
89.75545127122359,66.79766792979358,Low
75.2082576215471,98.31458765854353,Low
78.14341023336183,91.79440120721287,Low
68.93665025993971,75.30824347895295,Low
68.0379337591933,62.868654709091224,Low
88.12525822394198,93.53872374165412,Low
93.56240028570824,78.85460154747382,Low
79.27989878419666,92.37816311973462,Low
90.03532897892023,64.05572341205632,Low
83.61636025047635,74.00624977046228,Low
73.54880245394875,80.05243699718183,Low
83.61395605508415,80.46980593764742,Low
95.38036566465969,75.49934528520757,Low
79.64173960890048,86.22849932347499,Low
95.64643655814007,69.32379570617405,Low
53.80254895910255,78.57620514978707,Low
88.21902504375224,81.20295631711899,Low
80.87047068238171,85.14438834058748,Low
77.00992649534132,87.11614878088889,Low
80.91760776535503,68.75357908162131,Low
60.124310853991076,64.65885829264377,Low
77.80328112162488,92.7767682189851,Low
83.57112571511746,83.32314011979592,Low
94.77894044741517,72.51513463443446,Low
74.81729781726352,95.51151975522524,Low
71.91506397106812,81.15674634292859,Low
74.98242956415463,91.79297184063826,Low
89.15402117702074,80.67518481410109,Low
83.28751109659684,100.60747924881987,Low
74.70239796232961,97.55340842443204,Low
85.13267433113356,77.51035851520926,Low
80.9707754934804,89.71570950954356,Low
89.68644990532889,86.45375949585147,Low
72.97946906122648,93.68631557532349,Low
76.72337853402232,70.35076539419896,Low
76.07891846867842,86.8605145999844,Low
65.36485051867882,90.58424486849587,Low
82.96120277064576,62.41260513576886,Low
82.6105527217989,68.16741487334225,Low
80.05113456642461,59.607678222398995,Low
77.65412866624852,77.30593165555442,Low
65.84629257949585,87.17542255795962,Low
75.79354677234642,95.02357052096028,Low
76.57285483473231,80.74094780419775,Low
71.9772273077838,96.28615545571292,Low
78.3871428833399,66.19898541785109,Low
84.04050856814538,62.96617560644845,Low
98.8618590121053,79.44452301103381,Low
81.74577812831839,83.84065448939307,Low
82.57550390722764,79.67305251905907,Low
79.25554084233833,59.325578999601234,Low
60.812287847009586,79.10879960487212,Low
79.73486124550783,66.95530499495146,Low
80.60230209941027,86.69672548830039,Low
104.63242112485287,83.66598246096848,Low
78.07639035218878,70.60120213672644,Low
83.01547342333612,74.86133082663306,Low
79.65288230294756,69.40786478111049,Low
68.31321962380468,79.37320902726829,Low
91.4282281451502,89.55142320501238,Low
87.51933032686775,70.14273953664457,Low
87.91031947043047,85.04046515517844,Low
70.9061254520526,74.69742381627559,Low
94.02794310936099,72.07127167737656,Low
65.98148937207719,78.92969640045442,Low
85.8685709380027,69.64757677580626,Low
101.90455625809979,74.46350694652818,Low
70.09463674869312,68.02122107411151,Low
74.33702270397228,99.6472513291639,Low
80.99651365087641,80.35263551971728,Low
74.965243458838,73.00274492007415,Low
64.49336568933867,82.13979910734221,Low
80.68562974806028,78.8767195030917,Low
69.37696286273895,77.79030400466777,Low
84.73592430635182,86.14166700043425,Low
70.80575765766197,87.57507710047305,Low
95.4993440501754,74.69498852389472,Low
72.16746707663764,74.2418175935532,Low
76.77938483794324,77.24948302848355,Low
88.1351721736967,56.980788352644154,Low
67.69135683566044,64.84808937801448,Low
82.2745993460413,93.66874267444524,Low
93.07142754282428,96.44967713501283,Low
63.92516765438772,77.50963960443622,Low
81.84633858532304,85.76556963055766,Low
82.59882794248423,83.11250154543536,Low
87.81822871777311,110.78880808455239,Low
67.63049289121918,91.19574911434577,Low
66.79543386915724,78.72082408519233,Low
85.21941565616898,70.44459559399574,Low
82.96984673233186,63.93553679742428,Low
82.50492850345877,82.03463635867223,Low
83.46448209496975,72.43649254715697,Low
73.1997527842151,65.77746290402325,Low
82.32253697161003,73.53427115757474,Low
82.93072473298682,69.18451996385605,Low
72.85648581973632,96.87141635072564,Low
98.65774511144757,88.81639756949451,Low
84.73832920911788,79.92027358683383,Low
68.08696502797352,94.79944138890026,Low
86.5655360863383,80.77368307647619,Low
70.25318329772679,71.38715798671737,Low
87.87084603742451,95.23124077269657,Low
91.58595579007404,85.38910043684659,Low
71.7931768164829,69.62753845673544,Low
89.63376129244321,78.09661321916391,Low
84.12780926936499,71.24381746615242,Low
88.2206015999449,66.17200269035663,Low
98.96792982653947,89.26177547531641,Low
77.5461188399713,99.0941664047013,Low
72.4626383564251,66.01432426180858,Low
71.10485570374476,85.62969236690572,Low
71.84189715034562,73.49357430878173,Low
79.22898290585896,75.12874616235304,Low
83.41151974816644,74.07606075761132,Low
82.7669079933002,71.36009230320184,Low
88.27183249036024,80.48521627944827,Low
80.13001891877907,71.69049883588963,Low
94.53534077157317,82.70456825779839,Low
77.35343166762044,79.49761890550863,Low
107.20169166589619,77.6105195313359,Low
86.25667347765007,70.92436337958402,Low
71.42842443583717,74.23228669431667,Low
69.29107501938887,87.55391225825755,Low
84.82472415243186,85.00917187624381,Low
77.7653721467415,70.22444755201448,Low
87.14000494092092,80.99332305429226,Low
84.73237624573545,87.5138712337179,Low
79.27171087343127,63.305947188786284,Low
71.53206281931595,85.43360192379934,Low
64.85152775314135,73.37376241054153,Low
75.53485047932979,85.70598668593159,Low
88.56398794323472,72.36740843457483,Low
82.14093744130204,61.95117899335481,Low
67.54261221288012,63.72457562116837,Low
81.73180925851182,80.48084946661382,Low
83.85317379728836,82.59722501721483,Low
71.16142563798867,70.95683374895592,Low
81.53725105945527,86.38592458777374,Low
80.58208718446,63.3847993773104,Low
68.57029702169376,79.33920201352683,Low
83.57787360348283,67.88983800237543,Low
85.60784526368235,73.4816389219784,Low
90.83051243175277,80.47398671316414,Low
90.53802052034902,71.39586634716048,Low
66.22330632042909,76.15444455770175,Low
70.62174960084877,90.0629280921444,Low
85.1503526720866,74.23108130476851,Low
85.1378595091221,88.35692112065142,Low
85.15047686306048,68.70293145342382,Low
118.52731490654722,85.29804177915283,Low
85.70890510693167,94.41568620657901,Low
91.35565640180599,55.283554998727105,Low
89.54001763493203,72.03104744529523,Low
86.51391251305797,85.7707212718054,Low
76.84730755359655,77.96954613957007,Low
87.58969220493267,83.71145873371309,Low
72.27174785462428,73.9601481328418,Low
77.63181393259991,80.865897874729,Low
75.14636452170896,78.44322764607921,Low
80.81874139386322,91.67782061659807,Low
103.14658566673509,82.54420843301213,Low
61.32734807408252,83.37602662075201,Low
86.86260190374513,75.88123033877532,Low
63.87284128810349,75.12393775927507,Low
75.28068134210567,75.6744181218038,Low
90.88950596967366,83.94452142378297,Low
80.64280019095463,75.79015519179737,Low
69.22255222070694,82.89774856896413,Low
72.84696290740033,100.75400798645438,Low
86.79597748934675,88.71124703431693,Low
72.69633368282864,76.73976467832159,Low
82.16458589581976,92.01213922163944,Low
80.45571839903813,75.91924626978448,Low
73.48399652394183,59.61875464822146,Low
101.43944089325325,69.91913689082595,Low
86.33919022318011,61.29208078974145,Low
59.74857413342393,76.48486515958692,Low
81.86454314769428,80.18418379189552,Low
73.38213535231613,96.76437312275283,Low
88.52433334796224,83.26927373764163,Low
72.07479261567299,77.80899471191135,Low
78.85263558533102,88.2940558118349,Low
85.04987278980457,57.88864690992115,Low
88.65755194170121,82.35614558108566,Low
67.99703592944223,87.70865193886966,Low
76.65498764159051,65.21413754220158,Low
75.25054688839043,91.43754043206928,Low
73.46670767426288,83.38496407494414,Low
97.65454240281096,75.84712086099199,Low
84.04981710960955,86.32781866106285,Low
67.39116045664954,102.70692857804396,Low
89.17861947054776,81.81866255058495,Low
101.22156197012633,82.48220586300336,Low
90.32465260551147,75.40639100459757,Low
64.80630034045987,71.50155630535208,Low
75.15765927133748,88.30335816544246,Low
92.66911149186623,71.43916174091133,Low
72.92330534381219,80.71566237219392,Low
84.43819428146229,75.22342553234883,Low
87.74634053429337,84.78979825746391,Low
70.73069528421917,83.33662105286949,Low
79.404746439382,90.375399442579,Low
47.58732659930927,74.89983601145254,Low
69.7561235866571,77.30125064706628,Low
77.4743184860684,70.21236284217693,Low
67.5221681803515,75.55706739923889,Low
96.32411303931636,83.77300493044852,Low
65.69858622039368,87.56988616645351,Low
75.59955513303017,70.77834675822375,Low
81.30740577286092,88.6960592010566,Low
94.41273289066116,93.55637858804951,Low
65.6413784882056,84.13434903223701,Low
91.63163752154959,98.76795812558066,Low
80.10233061019586,72.26210800896428,Low
70.18491348952048,67.55345296688583,Low
84.6210347426327,62.212797510957216,Low
81.9905969557347,94.96044311489183,Low
73.99783122841205,86.54365656354058,Low
80.69802084990019,79.44415329089544,Low
76.14686403138239,82.7996862631982,Low
81.13517345251248,68.74510952701624,Low
86.62130674521046,104.45751979616827,Low
95.86016816145352,81.29221181975228,Low
67.62184501173151,81.09394794604893,Low
101.33033374656267,87.25766623898691,Low
60.47912200477498,84.81009231736714,Low
78.48214904964416,82.23884024279131,Low
85.88317206484577,72.09525544554688,Low
82.80991867735032,84.71468357135996,Low
73.77300480179406,98.82024496475034,Low
77.91877749642725,93.45420046154977,Low
75.06999065341168,95.93186626639397,Low
74.10635243055789,74.88784323568815,Low
88.49602097021025,70.1039517974142,Low
83.57015485965047,78.74213079900352,Low
73.07090404739346,80.55724912288694,Low
88.9959987543325,90.94191518470949,Low
83.07299520876609,63.07535370285181,Low
88.1286211883896,95.29550319460614,Low
86.29628841923612,78.4199210142101,Low
71.71004989077927,75.7311893005258,Low
74.3981895980303,69.87895624739832,Low
87.47293605123262,63.451433281342304,Low
86.10370265433465,88.23170583961914,Low
79.79098406035853,80.73317967188405,Low
81.17327383308782,67.10039100258946,Low
92.77664895788425,67.04921227936384,Low
74.0842861116417,76.64215300709871,Low
85.47097381170038,96.69021525289392,Low
77.97807347566106,77.40408648636395,Low
77.82318796772779,64.96857046881894,Low
90.9877685198719,77.54256935914056,Low
88.2541634898803,77.2727643025233,Low
88.13509636000639,53.03113357058429,Low
93.05478807154329,79.45705133482188,Low
80.21003841632759,77.69065469791322,Low
86.81952971294965,86.96206364813418,Low
76.89733243406543,98.48956094945345,Low
83.24166352488442,91.26565029547757,Low
78.69856945632316,77.3111130944517,Low
80.96995964992718,68.9347409125833,Low
85.95157025436913,105.7335980324986,Low
71.81779316766527,80.59218434014488,Low
100.9238727568546,80.13929291912946,Low
69.93982618500299,79.75874912889996,Low
67.85811387212269,81.98084760767856,Low
91.58110873500068,78.55639588076058,Low
87.91662693962935,74.26337993119763,Low
86.24119817052156,74.53141058759608,Low
86.2834550926428,79.67246729784002,Low
79.87753227153085,74.56575228866235,Low
71.02745628514168,72.87154217322836,Low
80.75804558193727,81.06430227691897,Low
47.450227825791444,161.45165562712316,Medium
65.0399298858269,177.98710873172004,Medium
23.490301916069882,168.49267365825537,Medium
60.91506851922462,151.19260739840348,Medium
62.46085192497629,137.06126444588853,Medium
29.266097675918505,163.9644662722718,Medium
46.573124059196516,157.869707708435,Medium
46.28559134004209,167.90386440055465,Medium
35.924883052821784,162.70343603363938,Medium
42.22183312409125,170.9910543063867,Medium
38.894241545341714,139.29529576878863,Medium
67.52270443423623,176.34788131268652,Medium
59.35678393147461,153.951992093848,Medium
62.71555094994159,191.5052174525053,Medium
57.21672064043235,136.21624363820865,Medium
38.70948228782771,184.719276063305,Medium
44.75479733720226,153.95821566925295,Medium
54.89374561227918,136.97163992771104,Medium
37.778721911080545,140.32228331891358,Medium
57.12998430172388,143.5930538361136,Medium
47.59674601841865,158.48331892803833,Medium
46.251791924504026,160.45670976071,Medium
57.10959968203491,138.52599992122842,Medium
54.4426331148604,149.51290815478035,Medium
46.3903383418092,192.8454071722373,Medium
61.59329803364248,184.55086340201422,Medium
39.189366724001026,158.72647339348063,Medium
56.15935606944264,150.760069563364,Medium
55.93101257968384,152.40062653436522,Medium
46.904535606860094,162.27035945460833,Medium
53.26133022242118,129.5441486960319,Medium
37.488864236146966,144.8524692515331,Medium
59.24027019206901,116.62831852244821,Medium
48.15097863557011,157.9844624521056,Medium
44.772769794809605,162.9439187940548,Medium
60.49009225836889,140.33627075401253,Medium
42.95656309457241,181.47973526580066,Medium
35.91538703636441,125.48468673995318,Medium
34.433708264760966,120.7125023958036,Medium
56.06009951345639,154.48903637119943,Medium
37.19570647503717,170.9419660522431,Medium
67.54794181984364,183.67855382915738,Medium
29.18070592116278,140.8223147426212,Medium
66.96456368290038,171.5736166686259,Medium
52.11017467202618,149.22983060998587,Medium
49.032868881296075,146.5474540011836,Medium
44.550809131910505,167.67319874973344,Medium
53.991361143520706,163.04645756826838,Medium
49.62365297575152,118.47215686031501,Medium
61.03301882016521,179.53080699451792,Medium
51.142276486620396,177.60182708294903,Medium
51.50301761461878,137.4887459698094,Medium
46.36387787786144,157.91607066874818,Medium
49.43054376278933,159.88060372565477,Medium
53.07801768892059,155.21347531647814,Medium
32.89831607343375,138.9938969230916,Medium
36.518145778942866,136.56753264123898,Medium
57.43264094022715,149.4889185801711,Medium
51.708654381279416,173.45458038518728,Medium
48.16016663647321,160.87200309188864,Medium
50.184339330653934,142.58771335827788,Medium
53.47581705361671,165.4339742129669,Medium
44.60240319690639,93.02914758739848,Medium
42.216952745976876,172.97531400744208,Medium
51.958452550976816,115.20572442443802,Medium
40.21627222384968,142.75118117193736,Medium
54.082527557144715,127.60660210747713,Medium
32.9741639576216,124.10637048558189,Medium
60.29155637325644,173.2165357475704,Medium
54.72597482413043,140.64597597376218,Medium
52.56029734313876,156.93007763461432,Medium
59.82690983945514,149.06158842241632,Medium
66.65474444462576,159.54081654446242,Medium
60.1437006501813,151.5364378212051,Medium
31.591257686683548,124.3401555162286,Medium
37.204230332642986,169.9253363889428,Medium
43.75181422304321,140.12486833677374,Medium
50.26091050210834,118.86836202680499,Medium
55.17659020469123,141.43769678068176,Medium
42.742561868465344,180.01519581268622,Medium
51.86766764477078,167.00443484226986,Medium
42.44617067646678,143.0269573118428,Medium
43.884821970080516,143.01484591363143,Medium
35.93338903151778,143.56729897565234,Medium
40.76766753889096,191.53495967121682,Medium
36.48315394383666,157.63870904463107,Medium
40.241267470226674,158.6008329438214,Medium
60.536417966078396,170.60566908063686,Medium
40.50601111168057,154.77578318053028,Medium
76.32382064837391,144.81915708358594,Medium
54.93317900880889,146.07300301830043,Medium
51.84836123694874,148.56797481171873,Medium
41.41642219818787,149.25555526980318,Medium
57.003098794089915,164.5525908727396,Medium
44.24362173762226,151.038917716146,Medium
51.220098146453616,164.6528015443116,Medium
75.60084538268795,148.38566839782834,Medium
49.0394010027535,151.5727038063218,Medium
61.49273326285676,110.03598630935784,Medium
42.96823574874112,168.32655349404962,Medium
49.65011509503038,156.92976951795984,Medium
67.7080063563551,169.96020219719304,Medium
43.730329422122324,92.07489243612622,Medium
68.12448557996929,191.76749409561455,Medium
57.07751935455475,147.20820743689652,Medium
44.37533224105732,172.16365633475033,Medium
56.32407739055521,129.20188145748938,Medium
59.7255444962673,162.25547810125138,Medium
56.21809962217196,128.93168873652687,Medium
34.297752801095434,137.5246207860839,Medium
42.728628241751316,188.28062707733574,Medium
47.52481364448495,146.18635198473308,Medium
49.25566570899954,154.34865746359446,Medium
56.206720975506784,167.40135461377508,Medium
51.777010009332535,159.9136377594521,Medium
36.64655641289899,153.00837810287152,Medium
53.801978510059634,157.2992200493245,Medium
56.10585745283823,198.0683117047655,Medium
55.5979044793104,148.8476240593283,Medium
60.807807255546216,154.02198093429934,Medium
58.33922154548904,171.01308792015223,Medium
54.59180079228437,172.11051865915968,Medium
49.29834288541353,173.7406061112076,Medium
33.39039066484008,162.7746044405837,Medium
54.296182191325855,127.13990174539033,Medium
52.076876871631114,182.6686306460219,Medium
52.715788371953735,127.07309213962624,Medium
37.232514241796906,156.05270930478068,Medium
39.189434595917376,134.91448299961283,Medium
60.53152853332904,148.71723306814016,Medium
49.60444846143345,156.5752482060696,Medium
56.81500697372624,156.42714430900546,Medium
50.28318376130461,158.4384150847057,Medium
50.297561394957455,182.27422538117293,Medium
59.382838059759976,159.0706860302796,Medium
44.83955271782626,145.11686729418702,Medium
50.96120776940983,169.28174336576714,Medium
45.377247112949576,173.78940977849282,Medium
45.65503772567684,125.44784369726015,Medium
46.908278765313604,161.94800139699717,Medium
52.22133771633713,164.02345484621796,Medium
45.212513783365225,144.04872993280017,Medium
62.55756125573521,177.51413626623238,Medium
41.05392697780496,146.99888825934946,Medium
48.13128355838641,152.51152906943085,Medium
45.60268941725825,146.53856351432262,Medium
64.46977884353733,150.31158095162934,Medium
51.965547765115744,128.07449826209597,Medium
60.31844539468635,121.19898234811411,Medium
35.14439626963028,181.89010126449944,Medium
52.67050265869259,133.06077303363344,Medium
58.89630795623437,130.17215301087384,Medium
50.82283989275424,106.93219772792571,Medium
60.654803750653514,137.22076504620995,Medium
44.82711549899628,123.53820413185004,Medium
64.0934744018558,182.8403032027274,Medium
72.9889812361925,170.19634178685268,Medium
46.37161439560341,136.23699309644553,Medium
45.54497478599228,195.04871610688616,Medium
64.533844771177,169.63530973983188,Medium
65.79572145730712,143.50337232982756,Medium
44.771399728467316,100.01188570252853,Medium
45.798131829041424,195.81885145181485,Medium
47.18215391139493,122.20855066472808,Medium
36.555494889657226,117.09202506086217,Medium
40.81348053515802,170.4514086401928,Medium
39.95859233247932,198.79504812678545,Medium
42.32202434895871,177.68545637021037,Medium
49.65315112613219,161.2781824010472,Medium
52.342147325365204,161.89508683330573,Medium
65.50500492814076,167.06831117560614,Medium
40.016459592612094,165.1785717957353,Medium
59.843223984765835,155.62382847938753,Medium
47.86011155774491,152.0840220790375,Medium
49.50536290347567,148.74813744200955,Medium
56.74819492166604,134.92070822266646,Medium
38.772779784377015,144.38649846266452,Medium
53.82409746184051,116.1408637160923,Medium
51.66452208213056,148.033207464105,Medium
54.92451264008149,130.22817785698166,Medium
52.89168643907818,127.92821365568457,Medium
74.55300139910895,153.59788302306956,Medium
43.62260015748684,177.840045726892,Medium
44.690030449981826,168.36633212004625,Medium
43.76859473575236,118.58998792753646,Medium
44.44522880839745,130.20743726859325,Medium
43.62612872693482,168.81542375976431,Medium
61.89016531107552,130.3502521292338,Medium
64.20504247989855,145.50733700005952,Medium
44.29253706250524,161.00104198049104,Medium
41.67644426895771,130.6331109027273,Medium
54.71415556386404,152.1075101229192,Medium
44.477769557190285,123.3194901016359,Medium
56.32931817755511,137.97264712097572,Medium
52.029230208513,156.39563868285074,Medium
34.84255885002768,118.14012532936661,Medium
65.47505201330061,158.80949475920798,Medium
67.95877673095522,149.60724402146639,Medium
43.87211309515614,161.04979908834295,Medium
46.122984400640156,154.47828268129322,Medium
52.85865390724905,177.28280859947688,Medium
53.34456789987025,152.50449005295815,Medium
56.5854427267283,141.41188917749494,Medium
70.1020453876635,152.44595006064569,Medium
48.2305277250595,160.86596058072774,Medium
42.01702755461546,150.9772014065141,Medium
36.20680771985473,150.81183382407764,Medium
42.69069960058081,135.9601662438649,Medium
49.66873027126203,136.74198164898104,Medium
67.94557863517788,121.94789456400613,Medium
44.823887009638284,184.9915348637388,Medium
52.237879516388986,125.1227352921743,Medium
49.83577103927248,136.14189604408185,Medium
61.88393273448084,135.63185468861604,Medium
75.26932425873622,167.89848753888882,Medium
44.69131227079679,144.10100643415944,Medium
45.10560557481778,174.95484145347467,Medium
60.44160877069072,136.53018751512263,Medium
56.81891489626312,155.57988324447604,Medium
68.46707325736034,133.29305893480486,Medium
55.839281853259635,192.90298255546776,Medium
46.40707909212941,126.24803161940974,Medium
55.90654830692309,156.19641420454056,Medium
61.087035805829075,162.67553761864198,Medium
58.204821811973645,158.27598194902995,Medium
55.07274031107298,146.29424682244584,Medium
60.666746895891535,147.40358600533148,Medium
61.692955904456724,150.8762294395822,Medium
63.82158991037527,147.05995996743022,Medium
56.48709887589643,169.2775823358982,Medium
48.328819196831454,194.21046003182704,Medium
51.46713686433323,138.85016429984333,Medium
62.06508966508357,122.60394040841845,Medium
41.83064329012764,148.2343590329749,Medium
53.686733088729014,201.59418675308638,Medium
46.06661187672639,133.9265086406054,Medium
50.28744822934817,182.78233610888134,Medium
62.78451862607299,183.55401628152882,Medium
51.910990680199035,138.9282351658401,Medium
50.46436548156149,161.3796615837055,Medium
36.40143859020081,182.56793246257075,Medium
57.46253566027221,142.41744518025027,Medium
56.45484181141075,145.92839279795277,Medium
71.6325472330546,138.36638172102712,Medium
46.92221765046999,129.70486538614267,Medium
52.19150327663939,137.01444909867985,Medium
52.49383683710755,125.52119466475487,Medium
65.77453279763475,150.68166936518452,Medium
49.047044676130476,134.60053537882717,Medium
52.790215257703395,154.67571823581494,Medium
56.078965097165394,118.88208707592746,Medium
51.86609123156358,156.61760464428914,Medium
45.535663854494715,166.67057923217848,Medium
51.94089992898308,110.12528714857089,Medium
60.73631749859772,157.48113139695144,Medium
39.7348470058894,174.55337984946584,Medium
51.32969674146876,125.8071796261759,Medium
42.99879185060827,183.45144773675406,Medium
61.950466289248425,158.3803801873209,Medium
34.76813095216225,135.89976288483183,Medium
44.410781527284115,148.88461844684588,Medium
53.772118750645205,161.16653825043446,Medium
65.65524029234341,151.52010782824823,Medium
49.34249738927012,160.77511984892737,Medium
44.44800473306802,131.5865281384127,Medium
68.8115706944059,153.38721648072155,Medium
35.51986099583756,121.7257100619004,Medium
28.011940433799182,147.77547877302598,Medium
54.40014450053332,131.9218471707042,Medium
44.97945775647389,135.28940114820466,Medium
39.787671828692865,174.72186350420876,Medium
57.08356447299353,171.8262024118854,Medium
52.43800713771199,162.18276241814354,Medium
44.359213692632714,128.15374470654842,Medium
37.19695601329106,143.67183100610396,Medium
58.724573282801444,174.26195399958368,Medium
56.50201177958661,152.8343382727981,Medium
49.00824136220617,196.3865907996339,Medium
68.46636996047665,157.86635678788744,Medium
39.29915233673847,153.84098232980062,Medium
34.74474829075261,143.81767071595,Medium
43.080919301187556,152.67081809564564,Medium
49.54413983644502,146.95060327238912,Medium
52.43339449322692,164.1621735337718,Medium
47.5876394214367,169.1340463358917,Medium
53.520553965142966,134.28021078984102,Medium
37.48460575809556,123.37534092884444,Medium
64.4376460407326,113.27589253793407,Medium
49.178488216074314,160.15982653825088,Medium
61.172958315881274,127.93266787652253,Medium
53.42725346377704,106.94218814095035,Medium
54.567532191537836,157.7715720906193,Medium
55.69767280232204,199.8599903486558,Medium
54.47708560017315,149.87858176920213,Medium
56.42722759867544,166.76981548903285,Medium
63.29152530132431,151.6365871709513,Medium
51.9652116970147,148.02220693617716,Medium
57.09003757588512,168.38152965975536,Medium
49.102643057127736,144.19450911622698,Medium
64.40117215449473,155.34784628143805,Medium
43.2360769794073,156.43395612392027,Medium
68.00940432910815,136.63819092713902,Medium
49.59842049355657,169.84084699073045,Medium
35.69224897881952,146.50080486609184,Medium
51.28104414910789,134.8850968101431,Medium
43.18948342525119,160.73019687140808,Medium
58.406435489887244,132.03064036417925,Medium
43.47376020697609,150.56362314738257,Medium
45.538165667852205,149.81762006711594,Medium
31.104592690544692,171.71791131663156,Medium
45.47693680750923,159.49396465759907,Medium
25.761206733710434,149.49946082509712,Medium
34.16097176514277,166.35532598400573,Medium
57.604146561442974,177.80415098034626,Medium
57.85800158650832,161.15620612703725,Medium
54.254575617849646,150.20705239686762,Medium
40.33023856870787,123.7632753529968,Medium
49.5228864385802,128.69772673849255,Medium
49.963974609094315,143.89550591290666,Medium
38.416353108074574,137.80975595681434,Medium
65.0339830176715,146.26057394029107,Medium
58.77362290575671,151.13299849794214,Medium
47.79035826170336,160.5938550871346,Medium
50.26885838994531,148.59002443881818,Medium
52.08382807947552,159.73003287652404,Medium
29.582651315757094,151.2894882962024,Medium
47.52822617479403,110.49066867292257,Medium
43.180157520022014,131.2132921236249,Medium
39.983799901050844,147.11824888556768,Medium
47.18899707114045,125.80610514317785,Medium
67.97686526849523,161.9985745999241,Medium
56.4084286126701,180.61501664687395,Medium
44.28821010217203,174.37523703394635,Medium
28.292457032558335,249.31395813103353,High
41.92580909479962,220.02093303115268,High
31.18933965761689,234.85675236315348,High
27.303312231055685,275.2186007951366,High
25.092778691672482,266.4020070460414,High
27.580242508094972,242.83203702490917,High
26.89458545167017,238.99526764555938,High
31.3633297790039,238.24725552868534,High
31.284591848398918,222.3276944650449,High
30.024368161227315,298.4612706840833,High
33.4955053579708,240.3303859236598,High
39.52517019829073,286.5147556247649,High
37.59643308353059,295.63948155767355,High
18.120816252400772,279.94932694443884,High
9.568630920784361,237.05139061845856,High
37.47455928991419,262.11190271009826,High
19.06497041267663,249.27413180827253,High
28.20187678485853,222.88894417809615,High
20.639095791525122,259.73077845164806,High
15.584156499359842,214.62880626520592,High
34.331701825638305,285.63038165384694,High
36.07324128242117,236.0614810810482,High
25.387916794186246,256.0347896761852,High
9.271661662840721,258.4986361463843,High
25.630044413980137,242.23285078887767,High
33.13443204322037,267.60081404425824,High
18.16870744980697,235.75289030132427,High
31.466879358233246,276.1389189237173,High
29.877521206616034,209.62060959259753,High
34.634331996808704,253.79138738639236,High
30.956642947313227,308.16786997174853,High
22.215448472947557,219.99006026183275,High
39.572572013315934,229.66765088425444,High
28.73176341578424,265.41723548976745,High
29.781563683920545,255.38745345818793,High
22.533856327414433,260.51890297820677,High
26.45374199046792,264.6756139044299,High
22.921578287784794,269.0416440568531,High
28.616431520612615,283.2909952586867,High
43.69366784113875,262.2945597078554,High
19.02479085654915,242.76227036144374,High
17.09150881698607,270.1772110360819,High
41.769362619948865,306.99645804685645,High
28.32541058278507,246.0209876085228,High
24.647418090720667,220.76412085988076,High
38.31923749916861,283.21242007860917,High
25.155075682105085,246.38856508139204,High
44.60807770837549,184.81991361957893,High
35.423406970714154,275.4226503145126,High
26.09670873483438,233.94015442138232,High
47.25846570612403,247.28400153087517,High
25.154280615973292,259.95940991707045,High
35.936762976074455,255.714990393372,High
32.39434064325194,271.2835545141712,High
40.413930315190385,236.9354088829047,High
42.49208957381482,265.39317394528246,High
30.256033192526132,242.21359967248247,High
23.972657037230533,272.1643144266251,High
33.67977714351293,268.4610245203916,High
24.57827704198315,221.93683893866213,High
46.107097980212984,282.579463485251,High
31.0922826486619,233.92109664657855,High
27.07742758950313,274.24173394843433,High
31.477442446919266,261.0186194020402,High
19.222989683762428,305.14551030385365,High
22.22708769191479,243.29602052884442,High
39.603311263555405,239.52049611645407,High
24.744845768228835,249.417411823368,High
21.62471213854448,240.90460651497173,High
34.29322202021829,273.9982570582615,High
39.48563323730397,201.51068174690238,High
35.751626485320536,218.38952742560937,High
37.96838148644653,217.9659123526242,High
23.945639291444316,278.50922775920725,High
18.62551466606525,301.31840117745776,High
42.010669215643894,246.86652344387585,High
27.418561289262914,244.93534830429968,High
27.993335868359623,252.10156489339545,High
40.62555313479246,284.8563490782457,High
34.44984007520528,222.1794059742828,High
33.64710217665286,257.15106948204357,High
47.32001875920867,279.2559288934729,High
24.851854156958858,265.03282509819536,High
37.422721024649896,255.6874484979623,High
30.456104999176677,280.03138277701424,High
32.148738230906055,168.9030312100229,High
42.22774741130026,270.3362595859272,High
34.06268605031699,230.37772950617727,High
34.30636863239707,195.0810130943063,High
38.58005869847842,265.3360779857494,High
27.080378163656917,291.2097563548887,High
23.286322661287947,245.87654456116925,High
21.64152644783173,278.5862364160882,High
14.269147284991986,298.3683477396594,High
46.44965703952258,289.4474336075214,High
21.174333074226535,299.1989358811418,High
28.229971011313825,272.26382473215676,High
27.785493600888636,252.26300916704778,High
32.459253582472805,201.94102564308494,High
36.525897700314374,242.61812535610153,High
36.88378790687796,224.70260214051424,High
25.335380491448493,315.12828152493444,High
28.663026289708707,244.7234256270299,High
32.2606396039064,253.69614420353457,High
28.010470990531623,266.54456128121404,High
42.858764608159944,251.30807339117362,High
33.92779961310601,300.8515312129226,High
35.87902228839854,231.32051914796645,High
35.3030501493393,255.83822365711728,High
39.3877908598826,227.72588242905854,High
31.448172469629654,210.39932466337882,High
19.62534441635323,231.64692727284142,High
33.19750361402113,248.88889608854765,High
24.78914484966537,237.1209332644822,High
25.771066546001947,229.22737060378432,High
34.690912150040745,207.810476089845,High
39.90626457146909,247.50683282113917,High
30.170172613888493,204.85838877906994,High
32.47066410079171,272.80167891068805,High
43.617719557081905,252.4731925880351,High
31.926025435908546,206.27345501605208,High
50.813464913443156,240.72372768850408,High
34.524077165052354,227.4353078322825,High
15.913897926753458,259.5752353125754,High
36.02673296883626,290.21351338069434,High
33.04926707906222,193.74482591062767,High
40.318022032661965,253.45078237442252,High
35.38545081015967,245.1960161330008,High
28.892352128129808,270.140202293514,High
20.205614109685072,256.3958988471307,High
28.3278139417118,227.44092004783542,High
23.1958363663256,240.42838193000145,High
25.35581240156222,226.11922429589532,High
34.70862723536488,282.28021415795797,High
43.359236034811246,250.63934946015826,High
33.15737223858385,307.0357205725902,High
20.432935503718525,248.1801755855614,High
33.55682134576112,228.74779699268612,High
39.57305189316521,204.5885682216152,High
25.121736765444943,195.90580971232166,High
28.927862666616658,202.4759217098353,High
30.117505557833578,258.0137995303445,High
23.720813495342078,265.261750696898,High
35.186243470750874,202.564278939036,High
29.03241481113775,276.85114942228347,High
33.35625955125622,235.50816844949682,High
22.9000625775832,254.40379035956647,High
26.500333597412716,298.3666188476627,High
35.77905086262217,276.90517947596595,High
27.017334783265863,241.94408056282504,High
43.81571080986724,223.26423323754136,High
26.80291051508318,185.44553796012084,High
31.797477806015088,228.4254004227274,High
37.46072665498472,243.66609283516917,High
18.653074136535746,220.38461418546447,High
15.913529504153793,246.06229098723085,High
17.79474948343924,252.30555648876305,High
40.100672827417455,243.25432054575765,High
25.585134832860426,230.4999225752962,High
50.465594285346015,255.05964015900184,High
25.486019210740892,263.2582194870823,High
31.476410425576297,217.28802767671462,High
42.336879620543,292.3279713923881,High
46.04874310527298,247.04235603147214,High
46.49202861309118,250.56548868834543,High
39.66692984474514,271.2464326976967,High
38.1925002064917,256.99648393790505,High
34.74021559360946,278.59409901739735,High
36.2268886093331,258.61372495605474,High
25.59051426937173,231.62687876078687,High
23.454408932621543,260.84510575618305,High
29.973004340712382,215.68821378038015,High
28.638523019800573,253.25679117329568,High
26.374175605381797,249.0031002806662,High
35.57109957965372,243.75649428182382,High
37.64244166856409,246.14387465683208,High
30.70725509033478,193.54452863507083,High
41.820240648442095,233.53825276777116,High
20.86648708693196,252.78534703423344,High
28.450724325762256,254.79569175992202,High
24.26542143517756,219.16974577222126,High
15.06770706341552,287.97123522594103,High
29.338554513258405,224.01475455356498,High
29.026019932933732,279.0837160158021,High
42.107597945937044,262.81583085615057,High
35.04649347643822,230.6131807046859,High
21.80650540536636,303.25932677828536,High
44.832740530673505,214.1908950473056,High
39.768269564202825,277.57462520830006,High
34.65678162774893,280.01746954128936,High
28.188127209201344,229.88139372770064,High
22.324486106212163,291.7739590019299,High
27.022345791431576,242.4986045620314,High
38.709988957633485,258.6608088783957,High
45.07669044747687,257.8096551631366,High
42.34594822617751,245.97073775588356,High
26.089204625709808,274.3242481947935,High
21.04306053368791,273.80466161656636,High
31.127089975289632,197.54404080285457,High
15.852485075497187,289.13020728634456,High
32.58534171347825,200.12524035892977,High
28.81917930961065,280.9763861302497,High
26.27170798505406,283.8011541048275,High
17.242375461865635,217.27100709354406,High
34.108800852557735,237.67557136136244,High
25.73839328270471,216.82885994542193,High
20.640665314317694,243.55236909133794,High
7.021902293746805,240.75897147442777,High
29.77988075959491,273.3898159680802,High
44.17801277335795,289.30926238358825,High
43.29007371638296,291.87051432369867,High
26.343229947309826,233.13495920265095,High
25.182303517105755,243.72334378766416,High
33.75019404860019,199.4968542333715,High
22.01291648649367,225.82389800511433,High
32.414335198555726,278.9455489929237,High
36.12864222707752,298.46748470644695,High
39.81546579107446,212.96953384360233,High
29.198767388160377,232.22607222541316,High
28.37060999858427,249.20782729123218,High
22.976139305947513,258.4048347645882,High
23.38495716768112,225.71189440235062,High
28.188168864787787,262.7218313339227,High
32.93892405452942,235.7848195878725,High
37.308677009865995,249.56643187365162,High
23.57456839455724,266.388527440111,High
41.94150855167617,250.19266809432813,High
27.83101119165945,236.90842328420294,High
29.829061645212512,246.71170588222506,High
24.022306566817413,247.34911122383994,High
10.606077917816467,238.89966910353616,High
37.072363170888394,242.23611811998694,High
35.89475117673947,297.9594151151415,High
27.749379543054292,266.8275834382372,High
30.535925737798976,241.13559045912518,High
34.1275137416328,270.9086321353221,High
17.49963314490766,239.9854153073197,High
25.767578581229643,285.19373912759926,High
36.35411743697462,261.0892657659428,High
19.965684614646005,246.78093567987312,High
32.34846345733303,263.43150777430833,High
19.14734556301276,202.873715437945,High
33.73143985946821,216.19697593270584,High
29.71486814162013,214.18224980802833,High
17.078945472755926,254.2882928429112,High
39.31791483565737,301.97544998455277,High
24.123267385615605,316.93900438577896,High
23.517980503884953,269.1415330432227,High
31.604553577847543,265.0253342483337,High
39.18909879542972,195.96826797541783,High
21.873425448172824,233.71978600797934,High
30.493438798783775,226.36648744275283,High
33.43053200264458,231.37457205246653,High
35.54484485810515,244.9556854424563,High
31.4115324422178,235.83728266908616,High
27.063777287333423,190.62100568872637,High
23.379278234810243,272.437307683526,High
30.689151064370996,217.8177092278058,High
21.422887904115143,257.1774059233345,High
6.629196132043141,312.2224800924992,High
33.49247843326134,222.4184622524073,High
37.23147872868956,174.0913743176101,High
11.096540515665293,241.41987334359666,High
21.922154362320498,283.02878904995714,High
34.95323408804158,308.7504236266178,High
46.459963757693586,213.11351216642748,High
30.166349661403263,264.90097669709564,High
24.175976470166923,236.0406862965984,High
28.53682847116128,246.82154937087594,High
40.99901135318548,329.33030041051103,High
24.832286567003717,204.9108901481454,High
23.606463946797973,257.6121898448372,High
26.13805182254374,264.030795152963,High
22.373371133930302,282.57358974818044,High
30.981362527958364,252.93949460412685,High
42.99742766775648,259.2415161851231,High
32.584634184928234,238.25054297734627,High
27.9811719829897,258.0738082373532,High
27.665509848675647,239.70423173507768,High
17.494473530426745,268.64715669568153,High
37.064878217177274,238.91168991869097,High
29.377302423897582,261.3130118170656,High
28.556160691274997,249.12211558945066,High
55.54486054275888,283.78150752316503,High
32.39002326692549,248.45818829234543,High
23.985671599238525,196.80902595379357,High
26.589139230355652,287.8576450214197,High
39.18756567357404,222.82803097412142,High
30.906163284302117,230.3870098405354,High
18.493776173461065,232.13016117869523,High
37.35383147660163,291.23314279512454,High
24.65484731568805,185.92977358063914,High
44.98638220974036,344.1324560097998,High
38.64038452571719,281.6817042719816,High
26.42142483472999,256.6971674238748,High
40.248130893880905,248.3531799815114,High
30.542844084219226,258.5666222457297,High
36.822189400977756,265.63367285138014,High
33.8778625383558,269.35646757850174,High
23.22914676007301,266.66813398010345,High
24.851601341460302,252.68742043765747,High
38.23968654064929,244.07984739078023,High
27.321797343147672,245.46180149039463,High
26.770812294064026,244.15275158941958,High
22.359019365205178,284.0131029060119,High
33.388792524747686,267.80670166842583,High
46.50019935394516,161.7883409600716,High
21.459736685965815,269.6770232958928,High
30.193755653382066,255.84208584156323,High
41.29776444332343,249.43873730662307,High
29.36286887003428,238.34444640733344,High
33.61897436999787,283.7233815995804,High
21.500851774824962,278.4257938636857,High
33.42645677766119,226.81366996529172,High
28.50284587996361,262.21156861373606,High
37.885839965438905,220.85029796376142,High
39.499088412518006,208.6114550563321,High
50.716509136148915,231.19848326230104,High
34.6370653857086,275.8718041714828,High
32.60637053265733,278.5937513612826,High
31.555074412618687,265.3925626029188,High
27.174669657514492,271.7528736054399,High
32.707870747693526,265.48534861344876,High
27.636788718887765,230.75555214331143,High
31.347687810156913,262.9576763402182,High
40.54078028486368,274.01228575683047,High
21.94765947776287,272.6287398944072,High
39.11902848903236,285.6674011442393,High
40.536920538718924,271.24911541603194,High
29.05545178407137,260.5434462262475,High
13.025160807931243,282.1045071494928,High
25.13742410324454,249.2043622225282,High
40.37595637248887,223.54376046316847,High
